--
-- PostgreSQL database dump
--

-- Dumped from database version 17.0
-- Dumped by pg_dump version 17.0

SET statement_timeout = 0;
SET lock_timeout = 0;
SET idle_in_transaction_session_timeout = 0;
SET transaction_timeout = 0;
SET client_encoding = 'UTF8';
SET standard_conforming_strings = on;
SELECT pg_catalog.set_config('search_path', '', false);
SET check_function_bodies = false;
SET xmloption = content;
SET client_min_messages = warning;
SET row_security = off;

SET default_tablespace = '';

SET default_table_access_method = heap;

--
-- Name: Seguimiento; Type: TABLE; Schema: public; Owner: postgres
--

CREATE TABLE public."Seguimiento" (
    id bigint NOT NULL,
    existe character varying(10) NOT NULL,
    fecha_registrado date NOT NULL,
    fecha_actualizado date,
    observaciones character varying(200),
    documentacion_id bigint,
    categoria character varying(100),
    tipo character varying(100),
    titulo_documento character varying(255),
    user_id integer
);


ALTER TABLE public."Seguimiento" OWNER TO postgres;

--
-- Name: auth_group; Type: TABLE; Schema: public; Owner: postgres
--

CREATE TABLE public.auth_group (
    id integer NOT NULL,
    name character varying(150) NOT NULL
);


ALTER TABLE public.auth_group OWNER TO postgres;

--
-- Name: auth_group_id_seq; Type: SEQUENCE; Schema: public; Owner: postgres
--

ALTER TABLE public.auth_group ALTER COLUMN id ADD GENERATED BY DEFAULT AS IDENTITY (
    SEQUENCE NAME public.auth_group_id_seq
    START WITH 1
    INCREMENT BY 1
    NO MINVALUE
    NO MAXVALUE
    CACHE 1
);


--
-- Name: auth_group_permissions; Type: TABLE; Schema: public; Owner: postgres
--

CREATE TABLE public.auth_group_permissions (
    id bigint NOT NULL,
    group_id integer NOT NULL,
    permission_id integer NOT NULL
);


ALTER TABLE public.auth_group_permissions OWNER TO postgres;

--
-- Name: auth_group_permissions_id_seq; Type: SEQUENCE; Schema: public; Owner: postgres
--

ALTER TABLE public.auth_group_permissions ALTER COLUMN id ADD GENERATED BY DEFAULT AS IDENTITY (
    SEQUENCE NAME public.auth_group_permissions_id_seq
    START WITH 1
    INCREMENT BY 1
    NO MINVALUE
    NO MAXVALUE
    CACHE 1
);


--
-- Name: auth_permission; Type: TABLE; Schema: public; Owner: postgres
--

CREATE TABLE public.auth_permission (
    id integer NOT NULL,
    name character varying(255) NOT NULL,
    content_type_id integer NOT NULL,
    codename character varying(100) NOT NULL
);


ALTER TABLE public.auth_permission OWNER TO postgres;

--
-- Name: auth_permission_id_seq; Type: SEQUENCE; Schema: public; Owner: postgres
--

ALTER TABLE public.auth_permission ALTER COLUMN id ADD GENERATED BY DEFAULT AS IDENTITY (
    SEQUENCE NAME public.auth_permission_id_seq
    START WITH 1
    INCREMENT BY 1
    NO MINVALUE
    NO MAXVALUE
    CACHE 1
);


--
-- Name: auth_user; Type: TABLE; Schema: public; Owner: postgres
--

CREATE TABLE public.auth_user (
    id integer NOT NULL,
    password character varying(128) NOT NULL,
    last_login timestamp with time zone,
    is_superuser boolean NOT NULL,
    username character varying(150) NOT NULL,
    first_name character varying(150) NOT NULL,
    last_name character varying(150) NOT NULL,
    email character varying(254) NOT NULL,
    is_staff boolean NOT NULL,
    is_active boolean NOT NULL,
    date_joined timestamp with time zone NOT NULL
);


ALTER TABLE public.auth_user OWNER TO postgres;

--
-- Name: auth_user_groups; Type: TABLE; Schema: public; Owner: postgres
--

CREATE TABLE public.auth_user_groups (
    id bigint NOT NULL,
    user_id integer NOT NULL,
    group_id integer NOT NULL
);


ALTER TABLE public.auth_user_groups OWNER TO postgres;

--
-- Name: auth_user_groups_id_seq; Type: SEQUENCE; Schema: public; Owner: postgres
--

ALTER TABLE public.auth_user_groups ALTER COLUMN id ADD GENERATED BY DEFAULT AS IDENTITY (
    SEQUENCE NAME public.auth_user_groups_id_seq
    START WITH 1
    INCREMENT BY 1
    NO MINVALUE
    NO MAXVALUE
    CACHE 1
);


--
-- Name: auth_user_id_seq; Type: SEQUENCE; Schema: public; Owner: postgres
--

ALTER TABLE public.auth_user ALTER COLUMN id ADD GENERATED BY DEFAULT AS IDENTITY (
    SEQUENCE NAME public.auth_user_id_seq
    START WITH 1
    INCREMENT BY 1
    NO MINVALUE
    NO MAXVALUE
    CACHE 1
);


--
-- Name: auth_user_user_permissions; Type: TABLE; Schema: public; Owner: postgres
--

CREATE TABLE public.auth_user_user_permissions (
    id bigint NOT NULL,
    user_id integer NOT NULL,
    permission_id integer NOT NULL
);


ALTER TABLE public.auth_user_user_permissions OWNER TO postgres;

--
-- Name: auth_user_user_permissions_id_seq; Type: SEQUENCE; Schema: public; Owner: postgres
--

ALTER TABLE public.auth_user_user_permissions ALTER COLUMN id ADD GENERATED BY DEFAULT AS IDENTITY (
    SEQUENCE NAME public.auth_user_user_permissions_id_seq
    START WITH 1
    INCREMENT BY 1
    NO MINVALUE
    NO MAXVALUE
    CACHE 1
);


--
-- Name: biblioteca_archivo; Type: TABLE; Schema: public; Owner: postgres
--

CREATE TABLE public.biblioteca_archivo (
    id bigint NOT NULL,
    tipo character varying(100),
    categoria character varying(100),
    titulo_documento character varying(255) NOT NULL,
    documento character varying(100) NOT NULL,
    fecha_subida timestamp with time zone NOT NULL
);


ALTER TABLE public.biblioteca_archivo OWNER TO postgres;

--
-- Name: biblioteca_archivo_id_seq; Type: SEQUENCE; Schema: public; Owner: postgres
--

ALTER TABLE public.biblioteca_archivo ALTER COLUMN id ADD GENERATED BY DEFAULT AS IDENTITY (
    SEQUENCE NAME public.biblioteca_archivo_id_seq
    START WITH 1
    INCREMENT BY 1
    NO MINVALUE
    NO MAXVALUE
    CACHE 1
);


--
-- Name: biblioteca_documento; Type: TABLE; Schema: public; Owner: postgres
--

CREATE TABLE public.biblioteca_documento (
    id bigint NOT NULL,
    titulo character varying(255) NOT NULL,
    descripcion text,
    archivo character varying(100),
    tipo character varying(10) NOT NULL,
    fecha_subida timestamp with time zone NOT NULL,
    estado character varying(50) NOT NULL,
    fecha_descarga timestamp with time zone,
    url_origen character varying(200)
);


ALTER TABLE public.biblioteca_documento OWNER TO postgres;

--
-- Name: biblioteca_documento_id_seq; Type: SEQUENCE; Schema: public; Owner: postgres
--

ALTER TABLE public.biblioteca_documento ALTER COLUMN id ADD GENERATED BY DEFAULT AS IDENTITY (
    SEQUENCE NAME public.biblioteca_documento_id_seq
    START WITH 1
    INCREMENT BY 1
    NO MINVALUE
    NO MAXVALUE
    CACHE 1
);


--
-- Name: django_content_type; Type: TABLE; Schema: public; Owner: postgres
--

CREATE TABLE public.django_content_type (
    id integer NOT NULL,
    app_label character varying(100) NOT NULL,
    model character varying(100) NOT NULL
);


ALTER TABLE public.django_content_type OWNER TO postgres;

--
-- Name: django_content_type_id_seq; Type: SEQUENCE; Schema: public; Owner: postgres
--

ALTER TABLE public.django_content_type ALTER COLUMN id ADD GENERATED BY DEFAULT AS IDENTITY (
    SEQUENCE NAME public.django_content_type_id_seq
    START WITH 1
    INCREMENT BY 1
    NO MINVALUE
    NO MAXVALUE
    CACHE 1
);


--
-- Name: django_migrations; Type: TABLE; Schema: public; Owner: postgres
--

CREATE TABLE public.django_migrations (
    id bigint NOT NULL,
    app character varying(255) NOT NULL,
    name character varying(255) NOT NULL,
    applied timestamp with time zone NOT NULL
);


ALTER TABLE public.django_migrations OWNER TO postgres;

--
-- Name: django_migrations_id_seq; Type: SEQUENCE; Schema: public; Owner: postgres
--

ALTER TABLE public.django_migrations ALTER COLUMN id ADD GENERATED BY DEFAULT AS IDENTITY (
    SEQUENCE NAME public.django_migrations_id_seq
    START WITH 1
    INCREMENT BY 1
    NO MINVALUE
    NO MAXVALUE
    CACHE 1
);


--
-- Name: django_session; Type: TABLE; Schema: public; Owner: postgres
--

CREATE TABLE public.django_session (
    session_key character varying(40) NOT NULL,
    session_data text NOT NULL,
    expire_date timestamp with time zone NOT NULL
);


ALTER TABLE public.django_session OWNER TO postgres;

--
-- Name: prueba; Type: TABLE; Schema: public; Owner: postgres
--

CREATE TABLE public.prueba (
    id integer NOT NULL,
    nombre character varying(50)
);


ALTER TABLE public.prueba OWNER TO postgres;

--
-- Name: prueba_id_seq; Type: SEQUENCE; Schema: public; Owner: postgres
--

CREATE SEQUENCE public.prueba_id_seq
    AS integer
    START WITH 1
    INCREMENT BY 1
    NO MINVALUE
    NO MAXVALUE
    CACHE 1;


ALTER SEQUENCE public.prueba_id_seq OWNER TO postgres;

--
-- Name: prueba_id_seq; Type: SEQUENCE OWNED BY; Schema: public; Owner: postgres
--

ALTER SEQUENCE public.prueba_id_seq OWNED BY public.prueba.id;


--
-- Name: seguimiento_id_seq; Type: SEQUENCE; Schema: public; Owner: postgres
--

ALTER TABLE public."Seguimiento" ALTER COLUMN id ADD GENERATED BY DEFAULT AS IDENTITY (
    SEQUENCE NAME public.seguimiento_id_seq
    START WITH 1
    INCREMENT BY 1
    NO MINVALUE
    NO MAXVALUE
    CACHE 1
);


--
-- Name: seguimientodocumentos_Documentacion; Type: TABLE; Schema: public; Owner: postgres
--

CREATE TABLE public."seguimientodocumentos_Documentacion" (
    id bigint NOT NULL,
    tipo character varying(100) NOT NULL,
    categoria character varying(100) NOT NULL,
    titulo_documento character varying(200) NOT NULL,
    comunidad_id bigint
);


ALTER TABLE public."seguimientodocumentos_Documentacion" OWNER TO postgres;

--
-- Name: seguimientodocumentos_comunidad; Type: TABLE; Schema: public; Owner: postgres
--

CREATE TABLE public.seguimientodocumentos_comunidad (
    id bigint NOT NULL,
    nombre character varying(255) NOT NULL,
    direccion character varying(255) NOT NULL,
    administrador_id integer NOT NULL
);


ALTER TABLE public.seguimientodocumentos_comunidad OWNER TO postgres;

--
-- Name: seguimientodocumentos_comunidad_id_seq; Type: SEQUENCE; Schema: public; Owner: postgres
--

ALTER TABLE public.seguimientodocumentos_comunidad ALTER COLUMN id ADD GENERATED BY DEFAULT AS IDENTITY (
    SEQUENCE NAME public.seguimientodocumentos_comunidad_id_seq
    START WITH 1
    INCREMENT BY 1
    NO MINVALUE
    NO MAXVALUE
    CACHE 1
);


--
-- Name: seguimientodocumentos_documentacion_id_seq; Type: SEQUENCE; Schema: public; Owner: postgres
--

ALTER TABLE public."seguimientodocumentos_Documentacion" ALTER COLUMN id ADD GENERATED BY DEFAULT AS IDENTITY (
    SEQUENCE NAME public.seguimientodocumentos_documentacion_id_seq
    START WITH 1
    INCREMENT BY 1
    NO MINVALUE
    NO MAXVALUE
    CACHE 1
);


--
-- Name: prueba id; Type: DEFAULT; Schema: public; Owner: postgres
--

ALTER TABLE ONLY public.prueba ALTER COLUMN id SET DEFAULT nextval('public.prueba_id_seq'::regclass);


--
-- Data for Name: Seguimiento; Type: TABLE DATA; Schema: public; Owner: postgres
--

COPY public."Seguimiento" (id, existe, fecha_registrado, fecha_actualizado, observaciones, documentacion_id, categoria, tipo, titulo_documento, user_id) FROM stdin;
90	No	2024-12-17	\N	Tramitando con Comite	31	\N	\N	\N	14
92	No	2024-12-17	\N	Confeccionando	31	\N	\N	\N	16
57	No	2024-12-12	\N	Se confeccionara	33	Sin Categoría	\N	Sin Titulo	1
58	No	2024-12-12	\N	Se realizara inventario stock	52	Sin Categoría	\N	Sin Titulo	1
59	No	2024-12-12	\N	Se realizara inventario stock	50	Sin Categoría	\N	Sin Titulo	1
60	No	2024-12-12	\N	Se realizara inventario stock	51	Sin Categoría	\N	Sin Titulo	1
63	No	2024-12-12	\N	Se creara solo informa Administrador	36	Sin Categoría	\N	Sin Titulo	1
64	Si	2024-12-12	2024-12-12	Listo creado	37	Sin Categoría	\N	Sin Titulo	1
65	Si	2024-12-12	2024-12-12	En carpeta digital	39	Sin Categoría	\N	Sin Titulo	1
66	Si	2024-12-12	2024-12-12	Archivo digital	38	Sin Categoría	\N	Sin Titulo	1
67	No	2024-12-12	\N	Faltan datos Personal	40	Sin Categoría	\N	Sin Titulo	1
69	Si	2024-12-12	2024-12-12	Archivo digital	47	Sin Categoría	\N	Sin Titulo	1
68	Si	2024-12-12	2024-12-12	Archivo digital	46	Sin Categoría	\N	Sin Titulo	1
70	Si	2024-12-12	2024-12-12	Registrado el Comité	59	Sin Categoría	\N	Sin Titulo	1
71	Si	2024-12-12	2024-12-12	Archivo digital	48	Sin Categoría	\N	Sin Titulo	1
72	Si	2024-12-12	2024-12-12	Archivo digital	49	Sin Categoría	\N	Sin Titulo	1
79	Si	2024-12-12	2024-12-12	Existe archivo digital en pc comunidad	29	Sin Categoría	\N	Sin Titulo	1
80	Si	2024-12-12	2024-12-12	Existe archivo físico en oficina	30	Sin Categoría	\N	Sin Titulo	1
81	No	2024-12-12	\N	Chequeando documentos recibidos	28	Sin Categoría	\N	Sin Titulo	1
82	No	2024-12-12	\N	No se encuentran algunos documentos	27	Sin Categoría	\N	Sin Titulo	1
62	Si	2024-12-12	2024-12-12	info@gmail.com	34	Sin Categoría	\N	Sin Titulo	1
54	No	2024-12-12	\N	Tramitado en Comité	31	Sin Categoría	\N	Sin Titulo	1
56	Si	2024-12-12	2024-12-12	Se entrega mensualmente	32	Sin Categoría	\N	Sin Titulo	1
61	Si	2024-12-12	2024-12-12	comite2024-25@gmail.com	35	Sin Categoría	\N	Sin Titulo	1
83	No	2024-12-14	\N	No hay citaciones pendientes	41	Sin Categoría	\N	Sin Titulo	1
84	No	2024-12-14	\N	No hay citaciones pendientes	44	Sin Categoría	\N	Sin Titulo	1
85	Si	2024-12-14	\N	Citación a comparendo caso Juan Pérez	43	Sin Categoría	\N	Sin Titulo	1
86	No	2024-12-14	\N	No hay comparendo	42	Sin Categoría	\N	Sin Titulo	1
87	Si	2024-12-14	\N	Juicio Morosidad Dpto. 801	45	Sin Categoría	\N	Sin Titulo	1
88	Si	2024-12-14	\N	Solo ver Cartola y retirar cheques	60	Sin Categoría	\N	Sin Titulo	1
91	Si	2024-12-17	\N	Archivado digital	33	\N	\N	\N	14
93	Si	2024-12-17	\N	Archivado digital	33	\N	\N	\N	16
\.


--
-- Data for Name: auth_group; Type: TABLE DATA; Schema: public; Owner: postgres
--

COPY public.auth_group (id, name) FROM stdin;
1	Administradores_seguimiento
\.


--
-- Data for Name: auth_group_permissions; Type: TABLE DATA; Schema: public; Owner: postgres
--

COPY public.auth_group_permissions (id, group_id, permission_id) FROM stdin;
1	1	25
2	1	26
3	1	27
4	1	28
\.


--
-- Data for Name: auth_permission; Type: TABLE DATA; Schema: public; Owner: postgres
--

COPY public.auth_permission (id, name, content_type_id, codename) FROM stdin;
1	Can add log entry	1	add_logentry
2	Can change log entry	1	change_logentry
3	Can delete log entry	1	delete_logentry
4	Can view log entry	1	view_logentry
5	Can add permission	2	add_permission
6	Can change permission	2	change_permission
7	Can delete permission	2	delete_permission
8	Can view permission	2	view_permission
9	Can add group	3	add_group
10	Can change group	3	change_group
11	Can delete group	3	delete_group
12	Can view group	3	view_group
13	Can add user	4	add_user
14	Can change user	4	change_user
15	Can delete user	4	delete_user
16	Can view user	4	view_user
17	Can add content type	5	add_contenttype
18	Can change content type	5	change_contenttype
19	Can delete content type	5	delete_contenttype
20	Can view content type	5	view_contenttype
21	Can add session	6	add_session
22	Can change session	6	change_session
23	Can delete session	6	delete_session
24	Can view session	6	view_session
25	Can add documentacion	7	add_documentacion
26	Can change documentacion	7	change_documentacion
27	Can delete documentacion	7	delete_documentacion
28	Can view documentacion	7	view_documentacion
29	Can add Seguimiento	8	add_seguimiento
30	Can change Seguimiento	8	change_seguimiento
31	Can delete Seguimiento	8	delete_seguimiento
32	Can view Seguimiento	8	view_seguimiento
33	Can add objeto	9	add_objeto
34	Can change objeto	9	change_objeto
35	Can delete objeto	9	delete_objeto
36	Can view objeto	9	view_objeto
37	Can add documento	10	add_documento
38	Can change documento	10	change_documento
39	Can delete documento	10	delete_documento
40	Can view documento	10	view_documento
41	Can add archivo	11	add_archivo
42	Can change archivo	11	change_archivo
43	Can delete archivo	11	delete_archivo
44	Can view archivo	11	view_archivo
45	Can add biblioteca archivo	12	add_bibliotecaarchivo
46	Can change biblioteca archivo	12	change_bibliotecaarchivo
47	Can delete biblioteca archivo	12	delete_bibliotecaarchivo
48	Can view biblioteca archivo	12	view_bibliotecaarchivo
49	Can add biblioteca documento	13	add_bibliotecadocumento
50	Can change biblioteca documento	13	change_bibliotecadocumento
51	Can delete biblioteca documento	13	delete_bibliotecadocumento
52	Can view biblioteca documento	13	view_bibliotecadocumento
53	Can add django migrations	14	add_djangomigrations
54	Can change django migrations	14	change_djangomigrations
55	Can delete django migrations	14	delete_djangomigrations
56	Can view django migrations	14	view_djangomigrations
57	Can add django session	15	add_djangosession
58	Can change django session	15	change_djangosession
59	Can delete django session	15	delete_djangosession
60	Can view django session	15	view_djangosession
61	Can add prueba	16	add_prueba
62	Can change prueba	16	change_prueba
63	Can delete prueba	16	delete_prueba
64	Can view prueba	16	view_prueba
65	Can add seguimientodocumentos documentacion	17	add_seguimientodocumentosdocumentacion
66	Can change seguimientodocumentos documentacion	17	change_seguimientodocumentosdocumentacion
67	Can delete seguimientodocumentos documentacion	17	delete_seguimientodocumentosdocumentacion
68	Can view seguimientodocumentos documentacion	17	view_seguimientodocumentosdocumentacion
69	Can add django content type	18	add_djangocontenttype
70	Can change django content type	18	change_djangocontenttype
71	Can delete django content type	18	delete_djangocontenttype
72	Can view django content type	18	view_djangocontenttype
73	Can add django admin log	19	add_djangoadminlog
74	Can change django admin log	19	change_djangoadminlog
75	Can delete django admin log	19	delete_djangoadminlog
76	Can view django admin log	19	view_djangoadminlog
77	Can add Comunidad	20	add_comunidad
78	Can change Comunidad	20	change_comunidad
79	Can delete Comunidad	20	delete_comunidad
80	Can view Comunidad	20	view_comunidad
81	Can add user	21	add_user
82	Can change user	21	change_user
83	Can delete user	21	delete_user
84	Can view user	21	view_user
\.


--
-- Data for Name: auth_user; Type: TABLE DATA; Schema: public; Owner: postgres
--

COPY public.auth_user (id, password, last_login, is_superuser, username, first_name, last_name, email, is_staff, is_active, date_joined) FROM stdin;
1	pbkdf2_sha256$870000$3rlw5kyUZ2cs8eiFBjRTPm$Q+Pytcwx/tok7uASIyqlV2twskSW5Q8XDwe4/ozhaOU=	2024-12-17 17:50:41.790751-03	t	Manon3	Mario	Carreño Urbina	marionelson@manon.cl	t	t	2024-11-13 20:46:39-03
16	pbkdf2_sha256$870000$9tIhXPrbkNXMrQcQS7jIT7$IEiWeCUsL1xOGlsZLfWylQ02yJHwe81yLJtEkwpKm+I=	2024-12-17 12:35:28.618058-03	f	mario2	Pablo	Carreño Mendoza	pablo@manon.cl	f	t	2024-12-16 10:34:14-03
17	pbkdf2_sha256$870000$TXIRX3ejbFLwZXoZUIXaMa$5dQOydQGxAI9pUTwwhg41LnuQPmMbkjbvr7Am0AZSS0=	2024-12-17 12:40:06.370093-03	f	pablo1	Pablo	Carreño Mendoza	pablo@manon.cl	f	t	2024-12-16 10:37:24-03
14	pbkdf2_sha256$870000$yxLlcJAtJLGiCViXdksEGn$7g9JUwPHUeUfHCNgRpyYHW/ADS1dZrzyfKA7BgqJizI=	2024-12-17 17:47:34.786182-03	f	mario1	Mario	Carreño Urbina	mariocarrenourbina@gmail.com	f	t	2024-12-11 20:06:03-03
\.


--
-- Data for Name: auth_user_groups; Type: TABLE DATA; Schema: public; Owner: postgres
--

COPY public.auth_user_groups (id, user_id, group_id) FROM stdin;
\.


--
-- Data for Name: auth_user_user_permissions; Type: TABLE DATA; Schema: public; Owner: postgres
--

COPY public.auth_user_user_permissions (id, user_id, permission_id) FROM stdin;
\.


--
-- Data for Name: biblioteca_archivo; Type: TABLE DATA; Schema: public; Owner: postgres
--

COPY public.biblioteca_archivo (id, tipo, categoria, titulo_documento, documento, fecha_subida) FROM stdin;
1	Legal	Reglamentos	Ley 21442	archivos/Ley_Copropiedad_21.442_22.04.13_Ley_N_21_442_1649849251_Diario_Oficial.pdf	2024-12-05 23:01:04.402149-03
4	Contabilidad	Gastos Comunes	Guía Gastos Comunes	archivos/Comunidad_Feliz_EBOOK_Guia_definitiva_de_gastos_comunes_en_edificios_y_condominios.pdf	2024-12-06 20:29:39.989349-03
6	Legal	Reglamentos	Ley 21.508 modifica ley 21.442	archivos/BCN_Ley_Chile_-_Ley_21508_-_Modifica_ley_21_klGm0Z4.442.pdf	2024-12-06 20:34:05.511586-03
7	Prevencion de Riesgos	Gestion de Emergencia	Plan de Emergencia	archivos/Administradores_Chile_PLan_de_emergencia_obligatorio.pdf	2024-12-06 20:47:08.260877-03
8	Legal	Reglamentos	Ley 21442  en Word	archivos/Leyes-cl_Aprueba_nueva_ley_de_copropiedad_inmobiliaria_21.442.docx	2024-12-11 20:00:55.138057-03
\.


--
-- Data for Name: biblioteca_documento; Type: TABLE DATA; Schema: public; Owner: postgres
--

COPY public.biblioteca_documento (id, titulo, descripcion, archivo, tipo, fecha_subida, estado, fecha_descarga, url_origen) FROM stdin;
\.


--
-- Data for Name: django_content_type; Type: TABLE DATA; Schema: public; Owner: postgres
--

COPY public.django_content_type (id, app_label, model) FROM stdin;
1	admin	logentry
2	auth	permission
3	auth	group
4	auth	user
5	contenttypes	contenttype
6	sessions	session
7	seguimientodocumentos	documentacion
8	seguimientodocumentos	seguimiento
9	seguimientodocumentos	objeto
10	biblioteca	documento
11	biblioteca	archivo
12	seguimientodocumentos	bibliotecaarchivo
13	seguimientodocumentos	bibliotecadocumento
14	seguimientodocumentos	djangomigrations
15	seguimientodocumentos	djangosession
16	seguimientodocumentos	prueba
17	seguimientodocumentos	seguimientodocumentosdocumentacion
18	seguimientodocumentos	djangocontenttype
19	seguimientodocumentos	djangoadminlog
20	seguimientodocumentos	comunidad
21	seguimientodocumentos	user
\.


--
-- Data for Name: django_migrations; Type: TABLE DATA; Schema: public; Owner: postgres
--

COPY public.django_migrations (id, app, name, applied) FROM stdin;
1	contenttypes	0001_initial	2024-12-17 23:01:55.151034-03
2	contenttypes	0002_remove_content_type_name	2024-12-17 23:01:55.160837-03
3	auth	0001_initial	2024-12-17 23:01:55.161799-03
4	auth	0002_alter_permission_name_max_length	2024-12-17 23:01:55.162797-03
5	auth	0003_alter_user_email_max_length	2024-12-17 23:01:55.162797-03
6	auth	0004_alter_user_username_opts	2024-12-17 23:01:55.164797-03
7	auth	0005_alter_user_last_login_null	2024-12-17 23:01:55.166799-03
8	auth	0006_require_contenttypes_0002	2024-12-17 23:01:55.167739-03
9	auth	0007_alter_validators_add_error_messages	2024-12-17 23:01:55.168744-03
10	auth	0008_alter_user_username_max_length	2024-12-17 23:01:55.170744-03
11	auth	0009_alter_user_last_name_max_length	2024-12-17 23:01:55.172248-03
12	auth	0010_alter_group_name_max_length	2024-12-17 23:01:55.173235-03
13	auth	0011_update_proxy_permissions	2024-12-17 23:01:55.174241-03
14	auth	0012_alter_user_first_name_max_length	2024-12-17 23:01:55.17524-03
19	biblioteca	0001_initial	2024-12-17 23:01:55.181239-03
20	biblioteca	0002_documento_estado_documento_fecha_descarga_and_more	2024-12-17 23:01:55.182238-03
21	biblioteca	0003_archivo	2024-12-17 23:01:55.183239-03
22	biblioteca	0004_alter_archivo_options_alter_archivo_categoria_and_more	2024-12-17 23:01:55.184239-03
23	sessions	0001_initial	2024-12-17 23:01:55.185238-03
25	seguimientodocumentos	0001_initial	2024-12-18 10:49:17.51715-03
\.


--
-- Data for Name: django_session; Type: TABLE DATA; Schema: public; Owner: postgres
--

COPY public.django_session (session_key, session_data, expire_date) FROM stdin;
cwt0aqypng9ahgew1kpj3m3k1dvlzfx3	.eJxVjEsOwjAMBe-SNYrcpOlvyZ4zRHbs0gBKUNNKIMTdoVIXsH0zb17K47pMfi0y-8hqUJU6_G6E4SppA3zBdM465LTMkfSm6J0Wfcost-Pu_gUmLNP37SqDVdc3IKNYJLCmCWSZGwfGtjB2jHYM1NYEFFgCct9acRbYSW1ct0WLlBJz8vK4x_mpBnh_AJonP4g:1tLCz4:Cv3nl-SoxZo4N9jn1PjwfqjDmdLdKvdcb-d8LndUDfI	2024-12-25 00:01:54.753115-03
nrjiugxdd65th8lvxqn4m398ct2xrhx0	.eJxVjMEOwiAQRP-FsyFQWGg9eu83kF1YpGpoUtqT8d9tkx70Npn3Zt4i4LaWsDVewpTEVThx-e0I45PrAdID632Wca7rMpE8FHnSJsc58et2un8HBVvZ170x6AfXQUbSPmvQjIYjWmJ0yVmvlDE6e8NsaY-96wgU-AFBAzGIzxfc7Ddm:1tEI9b:4wytSh09VJsxnyRbKvU5Bw3kJ3nTGyur5dK6JGOrR_s	2024-12-05 22:08:11.771195-03
czjc5q1a62fnf9aa9sx111caocyoa8jj	.eJxVjEsOwjAMBe-SNYrcpOlvyZ4zRHbs0gBKUNNKIMTdoVIXsH0zb17K47pMfi0y-8hqUJU6_G6E4SppA3zBdM465LTMkfSm6J0Wfcost-Pu_gUmLNP37SqDVdc3IKNYJLCmCWSZGwfGtjB2jHYM1NYEFFgCct9acRbYSW1ct0WLlBJz8vK4x_mpBnh_AJonP4g:1tLNJR:bOJXrznw3zSWa7I33ULoenNTAMrVLDUEzIDSGpHD9KY	2024-12-25 11:03:37.292783-03
ql8ufmhnqb8syqahj4tos5o24pxmvq9b	.eJxVjMsOwiAQRf-FtSE8ygAu3fsNhOkMUjU0Ke3K-O_apAvd3nPOfYmUt7WmrfOSJhJnEcTpd8M8PrjtgO653WY5zm1dJpS7Ig_a5XUmfl4O9--g5l6_NariYtERSuRiTFQBogcMWo_asAHPAbW1CJQDOUdGAyoHfiBPtgws3h_Rtjdg:1tEUKl:uPloMkDrfupZ2umY-QtMkiZNGm-h-sXq2rQ6R3IgN5w	2024-12-06 11:08:31.613842-03
jrw5sdyi8uejzoj8xa9kfmz6lzoy88kg	e30:1tNeVu:yU4qWSXNmUlT6JXZbyEw8Yd5_8VKZlfsadk301F4QNU	2024-12-31 17:49:54.931608-03
ch67yoke391d8gu1wmm4uxvvzl0rgmmh	e30:1tNeWf:psls94kmZb2TQBYJj4bC9e3O7kTaIst6A5b0znsHilI	2024-12-31 17:50:41.7786-03
y459rbl8pfziwry8m1m9niemie5eapgx	e30:1tFK2z:WF9d-rb5Gzcnhoo77WGKI4qyb-srIhOLo2rXX0WJnwI	2024-12-08 18:21:37.400042-03
gyjfliuwtxc3kqix64bw2cfy12ptigri	e30:1tFK4Q:wKjSFU_mNkApILXEMsuGeL0bZBqgH-VIntrGjOHWmQk	2024-12-08 18:23:06.366441-03
uy52uwx8ssma8spp7f2tco20h84t6hda	e30:1tFjKh:WaYmDY7Pw8X8qnm2cRKoe093YVnWGzYp_gt23TOa-00	2024-12-09 21:21:35.85413-03
k5g7sds9nlrm26xq98gyyh3u4vq3m6ch	.eJxVjDsOwjAQBe_iGln-xbumpOcM1sb24gBypDipEHeHSCmgfTPzXiLStta49bLEKYuz0OL0u42UHqXtIN-p3WaZ5rYu0yh3RR60y-ucy_NyuH8HlXr91gZcGIwCTDahcqytVxqBDScywWkG9HZgEyBlD4RoOWvS4Ml4h4rF-wOozzaY:1tIHDt:h0KttdA5DMxkB1avl4da8OMBdh91fA7iWwWykHq6NBE	2024-12-16 21:57:05.257758-03
\.


--
-- Data for Name: prueba; Type: TABLE DATA; Schema: public; Owner: postgres
--

COPY public.prueba (id, nombre) FROM stdin;
\.


--
-- Data for Name: seguimientodocumentos_Documentacion; Type: TABLE DATA; Schema: public; Owner: postgres
--

COPY public."seguimientodocumentos_Documentacion" (id, tipo, categoria, titulo_documento, comunidad_id) FROM stdin;
1	Legal	Reglamentos	Ley Copropiedad 21.442	\N
2	Legal	Reglamentos	Reglamento Ley 21.442 y modificaciones	\N
3	Legal	Reglamentos	Reglamento Copropiedad Edificio o Condominio	\N
4	Legal	Reglamentos	Reglamento Interno de Convivencia	\N
5	Legal	Inmobiliaria	Actas de Entrega Bienes Comunes	\N
6	Legal	Inmobiliaria	Actas Entrega Infraestructura e Instalaciones	\N
7	Legal	Inmobiliaria	Certificado Garantias Vigentes	\N
8	Legal	Inmobiliaria	Certificado Recepción Final	\N
9	Legal	Inmobiliaria	Porcentaje Prorrateo Unidades	\N
10	Legal	Comunidad	Representante Legal	\N
11	Legal	Comunidad	Nomina Actualizada Copropietario o Arrendatarios	\N
12	Legal	Comunidad	Acta Nombramiento Administrador	\N
13	Legal	Comunidad	Poliza Seguro Incendio	\N
14	Legal	Comunidad	Certificado Inspeccion Instalaciones de Gas Sello Verde	\N
15	Legal	Comunidad	Archivo claves y contraseñas	\N
16	Legal	Libros	Escritura Pública Asamblea Ordinaria y Extraordinaria	\N
17	Legal	Libros	Libro Acta Asamblea Ordinaria y Extraordinaria	\N
18	Legal	Libros	Libro Actas Comité	\N
19	Legal	Libros	Libro de Novedades, Sugerencias y Reclamos	\N
20	Legal	Planos	Terreno Superficie General	\N
21	Legal	Planos	Tipos de Departamentos o Casas (Unidades)	\N
22	Legal	Planos	Sistema Electrico	\N
23	Legal	Planos	Red Agua Potable	\N
24	Legal	Planos	Red de Gas	\N
25	Legal	Planos	Red Agua Regadio	\N
26	Legal	Planos	Sistema Red Alcantarillado	\N
27	Administración	Recepción Documentos	Recepción Documentos Vigentes	\N
28	Administración	Recepción Documentos	Clasificar Documentos Vigentes	\N
29	Administración	Recepción Documentos	Archivar Digitalmente Documentos	\N
30	Administración	Recepción Documentos	Archivar Fisicamente Documentos	\N
31	Administración	Administrador	Contrato Administrador	\N
32	Administración	Administrador	Informe Mensual reporta al Comite	\N
33	Administración	Administrador	Dossier Bienvenida Residentes	\N
34	Administración	Comunicación	Correo Institucional	\N
35	Administración	Comunicación	Correo Comité y Administrador	\N
36	Administración	Comunicación	Whatsaap Administración Informa a la Comunidad 	\N
37	Administración	Comunicación	Whatsapp Comité y Administración	\N
38	Administración	Contactos	Datos Contactos Comité	\N
39	Administración	Contactos	Contacto Telefonia Conserjería	\N
40	Administración	Contactos	Datos Contactos Personal	\N
41	Administración	Resolución Conflictos	Citación Avenimiento Municipal	\N
42	Administración	Resolución Conflictos	Comparendo Juzgado Policia Local	\N
43	Administración	Resolución Conflictos	Comparendo Dirección del Trabajo	\N
44	Administración	Resolución Conflictos	Citación Tribunales Justicia Civil 	\N
45	Administración	Resolución Conflictos	Juicios Pendientes o Vigentes	\N
46	Administración	Proveedores	Listado General de Proveedores	\N
47	Administración	Proveedores	Listado Proveedores Articulos de Aseo	\N
48	Administración	Proveedores	Listado Proveedores Articulos de Oficina	\N
49	Administración	Proveedores	Listado Proveedores Articulos Electricos	\N
50	Administración	Bodega de Insumos	Registro Entrada Materiales	\N
51	Administración	Bodega de Insumos	Registro Salida Materiales	\N
52	Administración	Bodega de Insumos	Informe de Inventario Productos	\N
53	Contabilidad	Fondos	Fondo de Administración o Operación	\N
54	Contabilidad	Fondos	Fondo de Reserva	\N
55	Contabilidad	Fondos	Fondo de Indemnización	\N
56	Contabilidad	Fondos	Fondo de Mantenimiento	\N
57	Contabilidad	Banco	Cuenta Corriente	\N
58	Contabilidad	Banco	Cartolas del Banco	\N
59	Contabilidad	Banco	Autorización Apoderados	\N
60	Contabilidad	Banco	Autorización de Poderes Administrador	\N
61	Contabilidad	Banco	Depositos de Inversiones	\N
62	Contabilidad	Banco	Datos Contacto Ejecutivo	\N
63	Contabilidad	Gastos Comunes	Historial Gastos Comunes	\N
64	Contabilidad	Gastos Comunes	Informe Situación Morosidad	\N
65	Contabilidad	Gastos Comunes	Informe Convenios de Pago por Morosidad	\N
66	Contabilidad	Gastos Comunes	Informe Multas por Pagar	\N
67	Contabilidad	Gastos Comunes	Informe Prorrateo Gastos Calefacción Por Unidad	\N
68	Contabilidad	Gastos Comunes	Software Control de Gestión	\N
70	Contabilidad	Contable	Informe Estado Situación financiero	\N
71	Contabilidad	Contable	Pago Proveedores por Transferencia	\N
72	Contabilidad	Contable	Pago Servicios Basicos por PAC	\N
73	Contabilidad	Contable	Comprobantes Ingresos y Egresos	\N
74	Contabilidad	Contable	Informe Conciliación Bancaria	\N
75	Contabilidad	Contable	Informe Cuentas por Cobrar	\N
76	Contabilidad	Contable	Informe Cuentas por Pagar	\N
77	Contabilidad	Contable	Talonarios de Cheques	\N
78	Contabilidad	Contable	Pago Cotizaciones Previsionales Previred	\N
79	Contabilidad	Contable	Informe Remuneraciones por Pagar	\N
80	Contabilidad	Contable	Declaraciones Juradas SII	\N
81	Contabilidad	Contable	Informe Caja Chica	\N
82	Personal	Documentos Personal	Fichas Ingreso Personal	\N
83	Personal	Documentos Personal	Contratos de Trabajo	\N
84	Personal	Documentos Personal	Anexos Contratos de Trabajo	\N
85	Personal	Documentos Personal	Control de Vacaciones	\N
86	Personal	Documentos Personal	Finiquito en DT	\N
87	Personal	Documentos Personal	Finiquitos registrados en Previred	\N
88	Personal	Administracion Personal	Descripcion de Cargos	\N
89	Personal	Administracion Personal	Programa de Turnos y Trabajo	\N
90	Personal	Administracion Personal	Libro de Remuneraciones LRE en DT	\N
91	Personal	Administracion Personal	Liquidacion de sueldos	\N
92	Personal	Administracion Personal	Procedimientos de Bonos Personal	\N
93	Personal	Administracion Personal	Autorizacion de Cargas familiares	\N
94	Personal	Administracion Personal	Procedimiento Prestamos Personal	\N
95	Personal	Administracion Personal	Informe Licencia Medica	\N
96	Personal	Administracion Personal	Ficha Personal de Reemplazo	\N
97	Personal	Administracion Personal	Caja Compensación	\N
98	Personal	Administracion Personal	Reloj Control Biometrico autorizado por DT	\N
99	Personal	Personal Seguridad	Informe Situación Curso OS10	\N
100	Personal	Personal Seguridad	Seguro de Vida	\N
101	Personal	Personal Seguridad	Credenciales otorgada Carabineros	\N
102	Personal	Personal Seguridad	Directiva de Funcionamiento	\N
103	Personal	Prevencion de Riesgos	Reglamento de Orden, Higiene y Seguridad	\N
104	Personal	Prevencion de Riesgos	Derecho a Saber Trabajadores	\N
105	Personal	Prevencion de Riesgos	Implementos de Trabajo y Seguridad	\N
106	Personal	Prevencion de Riesgos	Situacion Vestidores y Baños Personal	\N
107	Personal	Prevencion de Riesgos	Casino Personal	\N
108	Personal	Prevencion de Riesgos	Ropa de Trabajo	\N
109	Personal	Prevencion de Riesgos	Mutual de Seguridad	\N
110	Personal	Prevencion de Riesgos	Botiquin Primeros Auxilios	\N
111	Mantenimiento	Mantenimiento Preventivo	Programa Anual Mantenimiento	\N
112	Mantenimiento	Mantenimiento Preventivo	Registro de Mantenciones	\N
113	Mantenimiento	Mantenimiento Preventivo	Contratos de Mantenedores	\N
114	Mantenimiento	Mantenimiento Preventivo	Listado de Mantenedores	\N
115	Mantenimiento	Mantenimiento Preventivo	Programa Pintura Fachada y Otras Dependencias	\N
116	Mantenimiento	Mantenimiento Preventivo	Ascensores	\N
117	Mantenimiento	Mantenimiento Preventivo	Caldera	\N
118	Mantenimiento	Mantenimiento Preventivo	Grupo Electrogeno	\N
119	Mantenimiento	Mantenimiento Preventivo	Bombas Agua Potable	\N
120	Mantenimiento	Mantenimiento Preventivo	Electricidad	\N
121	Mantenimiento	Mantenimiento Preventivo	Red de Incendio	\N
122	Mantenimiento	Mantenimiento Preventivo	Red de Agua Caliente	\N
123	Mantenimiento	Mantenimiento Preventivo	Red de Agua Fria	\N
124	Mantenimiento	Mantenimiento Preventivo	Red de Gas	\N
125	Mantenimiento	Mantenimiento Preventivo	Climatizacion o Calefaccion	\N
126	Mantenimiento	Mantenimiento Preventivo	Jardines	\N
127	Mantenimiento	Mantenimiento Preventivo	Piscina	\N
128	Mantenimiento	Mantenimiento Preventivo	Espacios Multiuso	\N
129	Mantenimiento	Mantenimiento Preventivo	Pavimentacion	\N
130	Mantenimiento	Aseo Espacios Comunes	Programa Aseo General	\N
131	Mantenimiento	Aseo Espacios Comunes	Descripcion de Tareas	\N
132	Mantenimiento	Aseo Espacios Comunes	Bodega Elementos de Trabajo	\N
133	Mantenimiento	Aseo Espacios Comunes	Proceso Recoleccion Basura	\N
134	Mantenimiento	Sumidero Aguas Lluvias	Instalaciones de Drenaje y Evacuacion	\N
135	Mantenimiento	Sumidero Aguas Lluvias	Plan de Limpieza Invierno	\N
136	Mantenimiento	Sumidero Aguas Lluvias	Limpieza Camaras Aguas Lluvias	\N
137	Mantenimiento	Sumidero Alcantarillado	Aseo Sanitario	\N
138	Mantenimiento	Sumidero Alcantarillado	Limpieza Camaras Alcantarillado	\N
139	Mantenimiento	Control de Plagas	Certificacion Control de Plagas	\N
140	Mantenimiento	Control de Plagas	Contrato Mantenedor	\N
141	Seguridad	Camaras de Vigilancia CCTV	Camaras de Seguridad	\N
142	Seguridad	Camaras de Vigilancia CCTV	Plano Ubicación Camaras de Seguridad	\N
143	Seguridad	Camaras de Vigilancia CCTV	Registro Mantemiento y Limpieza Equipos	\N
144	Seguridad	Camaras de Vigilancia CCTV	Informe de Almacenamiento Grabaciones	\N
145	Seguridad	Alarmas de Seguridad	Certificado de instalación del Sistema de Alarmas	\N
146	Seguridad	Alarmas de Seguridad	Informe de Revisión de Sensores de Movimiento	\N
147	Seguridad	Alarmas de Seguridad	Registro de Pruebas de Alarmas 	\N
148	Seguridad	Alarmas de Seguridad	Plano Ubicacion Alarmas Espacios Comunes	\N
149	Seguridad	Alarmas de Seguridad	Alarmas Conectadas Seguridad Publica	\N
150	Seguridad	Alarmas de Seguridad	Alarmas Conectadas Seguridad Privada	\N
151	Seguridad	Alarmas de Seguridad	Alarmas en Unidades	\N
153	Seguridad	Control Acceso Vehicular	Informe Autorizaciones Acceso Vehicular	\N
154	Seguridad	Control Acceso Vehicular	Informe de Entradas y Salidas Vehiculos	\N
155	Seguridad	Control Acceso Vehicular	Informe Control Vehicular Espacios Comunes	\N
156	Seguridad	Control Acceso Peatonal	Registro Dispositivo de Acceso	\N
157	Seguridad	Control Acceso Peatonal	Registro de Huellas, Tarjeta o Llavero de acceso 	\N
158	Seguridad	Control Acceso Peatonal	Informe de incidencias y acceso autorizado o no	\N
159	Seguridad	Citofonia	Registro Instalación y Configuración en la Central	\N
160	Seguridad	Citofonia	Registro  Instalación y Configuración por Unidad	\N
161	Seguridad	Citofonia	Chequear Comunicacion Unidades con Central	\N
162	Seguridad	Iluminación Espacios Comunes	Control Funcionamiento Iluminacion 	\N
163	Seguridad	Iluminación Espacios Comunes	Sistema de Iluminacion Segura Entrada Edificio	\N
164	Seguridad	Puertas y Cerraduras Electronicas	Registro  Instalacion y Configuración	\N
152	Seguridad	Control Acceso Vehicular	Registro Dispositivo de Control	\N
165	Seguridad	Puertas y Cerraduras Electronicas	Informe Mantenimiento Cerraduras y Mecanismos	\N
166	Seguridad	Botones de Pánico	Registro Ubicación Botones de Pánico	\N
167	Seguridad	Botones de Pánico	Informe de pruebas y Revision Botones de Pánico	\N
168	Seguridad	Patrullaje de Seguridad	Plan de Rondas Interna	\N
169	Seguridad	Patrullaje de Seguridad	Plan Revision Medidas Interna de Seguridad	\N
170	Seguridad	Patrullaje de Seguridad	Radio Telecomunicacion Personal Seguridad	\N
171	Seguridad	Monitoreo Remoto Seguridad	Conectados a Carabineros	\N
172	Seguridad	Monitoreo Remoto Seguridad	Conectados Paz Ciudadana	\N
173	Seguridad	Monitoreo Remoto Seguridad	Conectados Cuerpo Bomberos	\N
174	Seguridad	Monitoreo Remoto Seguridad	Contrato con Empresa Seguridad Externa	\N
175	Seguridad	Respaldo Energia Sistema Seguridad	Registro Mantenimiento Generador o UPS	\N
176	Seguridad	Respaldo Energia Sistema Seguridad	Informe de Pruebas de autonomia Generador/UPS	\N
177	Seguridad	Ascensores o Elevadores	Certificado Revisión de Camaras Ascensores	\N
178	Seguridad	Ascensores o Elevadores	Informe Estado Comunicación Ascensor/Conserjeria	\N
179	Prevencion de Riesgos	Elementos Prevencion de Riesgos	Extintores	\N
180	Prevencion de Riesgos	Elementos Prevencion de Riesgos	Detectores de Humo	\N
181	Prevencion de Riesgos	Elementos Prevencion de Riesgos	Alarma de Incendio	\N
182	Prevencion de Riesgos	Elementos Prevencion de Riesgos	Red Inerte	\N
183	Prevencion de Riesgos	Elementos Prevencion de Riesgos	Red Seca	\N
184	Prevencion de Riesgos	Elementos Prevencion de Riesgos	Red Humeda	\N
185	Prevencion de Riesgos	Elementos Prevencion de Riesgos	Presurización	\N
186	Prevencion de Riesgos	Gestion de Emergencia	Plan de Emergencia y Evacuacion PES	\N
187	Prevencion de Riesgos	Gestion de Emergencia	Simulacro de Evacuacion	\N
188	Prevencion de Riesgos	Gestion de Emergencia	Encargados Evacuacion por sector	\N
189	Prevencion de Riesgos	Gestion de Emergencia	Señaletica	\N
190	Prevencion de Riesgos	Gestion de Emergencia	Capacitacion Personal	\N
191	Prevencion de Riesgos	Gestion de Emergencia	Asesoria Mutual de Seguridad	\N
192	Prevencion de Riesgos	Gestion de Emergencia	Protocolos de Prevencion de Riegos Ocupacionales	\N
193	Prevencion de Riesgos	Gestion de Emergencia	Equipos de Protección Personal (EPP)	\N
194	Prevencion de Riesgos	Escalera de Emergencia	Informe Estado Iluminacion	\N
195	Prevencion de Riesgos	Escalera de Emergencia	Revestimiento antideslizante Peldaños Escalera	\N
196	Prevencion de Riesgos	Escalera de Emergencia	PIntura	\N
69	Contabilidad	Gastos Comunes	Carpeta Juicios por Morosidad	\N
\.


--
-- Data for Name: seguimientodocumentos_comunidad; Type: TABLE DATA; Schema: public; Owner: postgres
--

COPY public.seguimientodocumentos_comunidad (id, nombre, direccion, administrador_id) FROM stdin;
\.


--
-- Name: auth_group_id_seq; Type: SEQUENCE SET; Schema: public; Owner: postgres
--

SELECT pg_catalog.setval('public.auth_group_id_seq', 1, true);


--
-- Name: auth_group_permissions_id_seq; Type: SEQUENCE SET; Schema: public; Owner: postgres
--

SELECT pg_catalog.setval('public.auth_group_permissions_id_seq', 4, true);


--
-- Name: auth_permission_id_seq; Type: SEQUENCE SET; Schema: public; Owner: postgres
--

SELECT pg_catalog.setval('public.auth_permission_id_seq', 84, true);


--
-- Name: auth_user_groups_id_seq; Type: SEQUENCE SET; Schema: public; Owner: postgres
--

SELECT pg_catalog.setval('public.auth_user_groups_id_seq', 1, true);


--
-- Name: auth_user_id_seq; Type: SEQUENCE SET; Schema: public; Owner: postgres
--

SELECT pg_catalog.setval('public.auth_user_id_seq', 17, true);


--
-- Name: auth_user_user_permissions_id_seq; Type: SEQUENCE SET; Schema: public; Owner: postgres
--

SELECT pg_catalog.setval('public.auth_user_user_permissions_id_seq', 4, true);


--
-- Name: biblioteca_archivo_id_seq; Type: SEQUENCE SET; Schema: public; Owner: postgres
--

SELECT pg_catalog.setval('public.biblioteca_archivo_id_seq', 8, true);


--
-- Name: biblioteca_documento_id_seq; Type: SEQUENCE SET; Schema: public; Owner: postgres
--

SELECT pg_catalog.setval('public.biblioteca_documento_id_seq', 1, false);


--
-- Name: django_content_type_id_seq; Type: SEQUENCE SET; Schema: public; Owner: postgres
--

SELECT pg_catalog.setval('public.django_content_type_id_seq', 21, true);


--
-- Name: django_migrations_id_seq; Type: SEQUENCE SET; Schema: public; Owner: postgres
--

SELECT pg_catalog.setval('public.django_migrations_id_seq', 28, true);


--
-- Name: prueba_id_seq; Type: SEQUENCE SET; Schema: public; Owner: postgres
--

SELECT pg_catalog.setval('public.prueba_id_seq', 1, false);


--
-- Name: seguimiento_id_seq; Type: SEQUENCE SET; Schema: public; Owner: postgres
--

SELECT pg_catalog.setval('public.seguimiento_id_seq', 93, true);


--
-- Name: seguimientodocumentos_comunidad_id_seq; Type: SEQUENCE SET; Schema: public; Owner: postgres
--

SELECT pg_catalog.setval('public.seguimientodocumentos_comunidad_id_seq', 1, false);


--
-- Name: seguimientodocumentos_documentacion_id_seq; Type: SEQUENCE SET; Schema: public; Owner: postgres
--

SELECT pg_catalog.setval('public.seguimientodocumentos_documentacion_id_seq', 196, true);


--
-- Name: auth_group auth_group_name_key; Type: CONSTRAINT; Schema: public; Owner: postgres
--

ALTER TABLE ONLY public.auth_group
    ADD CONSTRAINT auth_group_name_key UNIQUE (name);


--
-- Name: auth_group_permissions auth_group_permissions_group_id_permission_id_0cd325b0_uniq; Type: CONSTRAINT; Schema: public; Owner: postgres
--

ALTER TABLE ONLY public.auth_group_permissions
    ADD CONSTRAINT auth_group_permissions_group_id_permission_id_0cd325b0_uniq UNIQUE (group_id, permission_id);


--
-- Name: auth_group_permissions auth_group_permissions_pkey; Type: CONSTRAINT; Schema: public; Owner: postgres
--

ALTER TABLE ONLY public.auth_group_permissions
    ADD CONSTRAINT auth_group_permissions_pkey PRIMARY KEY (id);


--
-- Name: auth_group auth_group_pkey; Type: CONSTRAINT; Schema: public; Owner: postgres
--

ALTER TABLE ONLY public.auth_group
    ADD CONSTRAINT auth_group_pkey PRIMARY KEY (id);


--
-- Name: auth_permission auth_permission_content_type_id_codename_01ab375a_uniq; Type: CONSTRAINT; Schema: public; Owner: postgres
--

ALTER TABLE ONLY public.auth_permission
    ADD CONSTRAINT auth_permission_content_type_id_codename_01ab375a_uniq UNIQUE (content_type_id, codename);


--
-- Name: auth_permission auth_permission_pkey; Type: CONSTRAINT; Schema: public; Owner: postgres
--

ALTER TABLE ONLY public.auth_permission
    ADD CONSTRAINT auth_permission_pkey PRIMARY KEY (id);


--
-- Name: auth_user_groups auth_user_groups_pkey; Type: CONSTRAINT; Schema: public; Owner: postgres
--

ALTER TABLE ONLY public.auth_user_groups
    ADD CONSTRAINT auth_user_groups_pkey PRIMARY KEY (id);


--
-- Name: auth_user_groups auth_user_groups_user_id_group_id_94350c0c_uniq; Type: CONSTRAINT; Schema: public; Owner: postgres
--

ALTER TABLE ONLY public.auth_user_groups
    ADD CONSTRAINT auth_user_groups_user_id_group_id_94350c0c_uniq UNIQUE (user_id, group_id);


--
-- Name: auth_user auth_user_pkey; Type: CONSTRAINT; Schema: public; Owner: postgres
--

ALTER TABLE ONLY public.auth_user
    ADD CONSTRAINT auth_user_pkey PRIMARY KEY (id);


--
-- Name: auth_user_user_permissions auth_user_user_permissions_pkey; Type: CONSTRAINT; Schema: public; Owner: postgres
--

ALTER TABLE ONLY public.auth_user_user_permissions
    ADD CONSTRAINT auth_user_user_permissions_pkey PRIMARY KEY (id);


--
-- Name: auth_user_user_permissions auth_user_user_permissions_user_id_permission_id_14a6b632_uniq; Type: CONSTRAINT; Schema: public; Owner: postgres
--

ALTER TABLE ONLY public.auth_user_user_permissions
    ADD CONSTRAINT auth_user_user_permissions_user_id_permission_id_14a6b632_uniq UNIQUE (user_id, permission_id);


--
-- Name: auth_user auth_user_username_key; Type: CONSTRAINT; Schema: public; Owner: postgres
--

ALTER TABLE ONLY public.auth_user
    ADD CONSTRAINT auth_user_username_key UNIQUE (username);


--
-- Name: biblioteca_archivo biblioteca_archivo_pkey; Type: CONSTRAINT; Schema: public; Owner: postgres
--

ALTER TABLE ONLY public.biblioteca_archivo
    ADD CONSTRAINT biblioteca_archivo_pkey PRIMARY KEY (id);


--
-- Name: biblioteca_documento biblioteca_documento_pkey; Type: CONSTRAINT; Schema: public; Owner: postgres
--

ALTER TABLE ONLY public.biblioteca_documento
    ADD CONSTRAINT biblioteca_documento_pkey PRIMARY KEY (id);


--
-- Name: django_content_type django_content_type_app_label_model_76bd3d3b_uniq; Type: CONSTRAINT; Schema: public; Owner: postgres
--

ALTER TABLE ONLY public.django_content_type
    ADD CONSTRAINT django_content_type_app_label_model_76bd3d3b_uniq UNIQUE (app_label, model);


--
-- Name: django_content_type django_content_type_pkey; Type: CONSTRAINT; Schema: public; Owner: postgres
--

ALTER TABLE ONLY public.django_content_type
    ADD CONSTRAINT django_content_type_pkey PRIMARY KEY (id);


--
-- Name: django_migrations django_migrations_pkey; Type: CONSTRAINT; Schema: public; Owner: postgres
--

ALTER TABLE ONLY public.django_migrations
    ADD CONSTRAINT django_migrations_pkey PRIMARY KEY (id);


--
-- Name: django_session django_session_pkey; Type: CONSTRAINT; Schema: public; Owner: postgres
--

ALTER TABLE ONLY public.django_session
    ADD CONSTRAINT django_session_pkey PRIMARY KEY (session_key);


--
-- Name: prueba prueba_pkey; Type: CONSTRAINT; Schema: public; Owner: postgres
--

ALTER TABLE ONLY public.prueba
    ADD CONSTRAINT prueba_pkey PRIMARY KEY (id);


--
-- Name: Seguimiento seguimiento_pkey; Type: CONSTRAINT; Schema: public; Owner: postgres
--

ALTER TABLE ONLY public."Seguimiento"
    ADD CONSTRAINT seguimiento_pkey PRIMARY KEY (id);


--
-- Name: seguimientodocumentos_comunidad seguimientodocumentos_comunidad_pkey; Type: CONSTRAINT; Schema: public; Owner: postgres
--

ALTER TABLE ONLY public.seguimientodocumentos_comunidad
    ADD CONSTRAINT seguimientodocumentos_comunidad_pkey PRIMARY KEY (id);


--
-- Name: seguimientodocumentos_Documentacion seguimientodocumentos_documentacion_pkey; Type: CONSTRAINT; Schema: public; Owner: postgres
--

ALTER TABLE ONLY public."seguimientodocumentos_Documentacion"
    ADD CONSTRAINT seguimientodocumentos_documentacion_pkey PRIMARY KEY (id);


--
-- Name: auth_group_name_a6ea08ec_like; Type: INDEX; Schema: public; Owner: postgres
--

CREATE INDEX auth_group_name_a6ea08ec_like ON public.auth_group USING btree (name varchar_pattern_ops);


--
-- Name: auth_group_permissions_group_id_b120cbf9; Type: INDEX; Schema: public; Owner: postgres
--

CREATE INDEX auth_group_permissions_group_id_b120cbf9 ON public.auth_group_permissions USING btree (group_id);


--
-- Name: auth_group_permissions_permission_id_84c5c92e; Type: INDEX; Schema: public; Owner: postgres
--

CREATE INDEX auth_group_permissions_permission_id_84c5c92e ON public.auth_group_permissions USING btree (permission_id);


--
-- Name: auth_permission_content_type_id_2f476e4b; Type: INDEX; Schema: public; Owner: postgres
--

CREATE INDEX auth_permission_content_type_id_2f476e4b ON public.auth_permission USING btree (content_type_id);


--
-- Name: auth_user_groups_group_id_97559544; Type: INDEX; Schema: public; Owner: postgres
--

CREATE INDEX auth_user_groups_group_id_97559544 ON public.auth_user_groups USING btree (group_id);


--
-- Name: auth_user_groups_user_id_6a12ed8b; Type: INDEX; Schema: public; Owner: postgres
--

CREATE INDEX auth_user_groups_user_id_6a12ed8b ON public.auth_user_groups USING btree (user_id);


--
-- Name: auth_user_user_permissions_permission_id_1fbb5f2c; Type: INDEX; Schema: public; Owner: postgres
--

CREATE INDEX auth_user_user_permissions_permission_id_1fbb5f2c ON public.auth_user_user_permissions USING btree (permission_id);


--
-- Name: auth_user_user_permissions_user_id_a95ead1b; Type: INDEX; Schema: public; Owner: postgres
--

CREATE INDEX auth_user_user_permissions_user_id_a95ead1b ON public.auth_user_user_permissions USING btree (user_id);


--
-- Name: auth_user_username_6821ab7c_like; Type: INDEX; Schema: public; Owner: postgres
--

CREATE INDEX auth_user_username_6821ab7c_like ON public.auth_user USING btree (username varchar_pattern_ops);


--
-- Name: django_session_expire_date_a5c62663; Type: INDEX; Schema: public; Owner: postgres
--

CREATE INDEX django_session_expire_date_a5c62663 ON public.django_session USING btree (expire_date);


--
-- Name: django_session_session_key_c0390e0f_like; Type: INDEX; Schema: public; Owner: postgres
--

CREATE INDEX django_session_session_key_c0390e0f_like ON public.django_session USING btree (session_key varchar_pattern_ops);


--
-- Name: seguimiento_titulo_documento_id_7b5d05d8; Type: INDEX; Schema: public; Owner: postgres
--

CREATE INDEX seguimiento_titulo_documento_id_7b5d05d8 ON public."Seguimiento" USING btree (documentacion_id);


--
-- Name: seguimiento_user_id_275d5090; Type: INDEX; Schema: public; Owner: postgres
--

CREATE INDEX seguimiento_user_id_275d5090 ON public."Seguimiento" USING btree (user_id);


--
-- Name: seguimientodocumentos_Documentacion_comunidad_id_5ed9df96; Type: INDEX; Schema: public; Owner: postgres
--

CREATE INDEX "seguimientodocumentos_Documentacion_comunidad_id_5ed9df96" ON public."seguimientodocumentos_Documentacion" USING btree (comunidad_id);


--
-- Name: seguimientodocumentos_comunidad_administrador_id_0c722fd6; Type: INDEX; Schema: public; Owner: postgres
--

CREATE INDEX seguimientodocumentos_comunidad_administrador_id_0c722fd6 ON public.seguimientodocumentos_comunidad USING btree (administrador_id);


--
-- Name: auth_group_permissions auth_group_permissio_permission_id_84c5c92e_fk_auth_perm; Type: FK CONSTRAINT; Schema: public; Owner: postgres
--

ALTER TABLE ONLY public.auth_group_permissions
    ADD CONSTRAINT auth_group_permissio_permission_id_84c5c92e_fk_auth_perm FOREIGN KEY (permission_id) REFERENCES public.auth_permission(id) DEFERRABLE INITIALLY DEFERRED;


--
-- Name: auth_group_permissions auth_group_permissions_group_id_b120cbf9_fk_auth_group_id; Type: FK CONSTRAINT; Schema: public; Owner: postgres
--

ALTER TABLE ONLY public.auth_group_permissions
    ADD CONSTRAINT auth_group_permissions_group_id_b120cbf9_fk_auth_group_id FOREIGN KEY (group_id) REFERENCES public.auth_group(id) DEFERRABLE INITIALLY DEFERRED;


--
-- Name: auth_permission auth_permission_content_type_id_2f476e4b_fk_django_co; Type: FK CONSTRAINT; Schema: public; Owner: postgres
--

ALTER TABLE ONLY public.auth_permission
    ADD CONSTRAINT auth_permission_content_type_id_2f476e4b_fk_django_co FOREIGN KEY (content_type_id) REFERENCES public.django_content_type(id) DEFERRABLE INITIALLY DEFERRED;


--
-- Name: auth_user_groups auth_user_groups_group_id_97559544_fk_auth_group_id; Type: FK CONSTRAINT; Schema: public; Owner: postgres
--

ALTER TABLE ONLY public.auth_user_groups
    ADD CONSTRAINT auth_user_groups_group_id_97559544_fk_auth_group_id FOREIGN KEY (group_id) REFERENCES public.auth_group(id) DEFERRABLE INITIALLY DEFERRED;


--
-- Name: auth_user_groups auth_user_groups_user_id_6a12ed8b_fk_auth_user_id; Type: FK CONSTRAINT; Schema: public; Owner: postgres
--

ALTER TABLE ONLY public.auth_user_groups
    ADD CONSTRAINT auth_user_groups_user_id_6a12ed8b_fk_auth_user_id FOREIGN KEY (user_id) REFERENCES public.auth_user(id) DEFERRABLE INITIALLY DEFERRED;


--
-- Name: auth_user_user_permissions auth_user_user_permi_permission_id_1fbb5f2c_fk_auth_perm; Type: FK CONSTRAINT; Schema: public; Owner: postgres
--

ALTER TABLE ONLY public.auth_user_user_permissions
    ADD CONSTRAINT auth_user_user_permi_permission_id_1fbb5f2c_fk_auth_perm FOREIGN KEY (permission_id) REFERENCES public.auth_permission(id) DEFERRABLE INITIALLY DEFERRED;


--
-- Name: auth_user_user_permissions auth_user_user_permissions_user_id_a95ead1b_fk_auth_user_id; Type: FK CONSTRAINT; Schema: public; Owner: postgres
--

ALTER TABLE ONLY public.auth_user_user_permissions
    ADD CONSTRAINT auth_user_user_permissions_user_id_a95ead1b_fk_auth_user_id FOREIGN KEY (user_id) REFERENCES public.auth_user(id) DEFERRABLE INITIALLY DEFERRED;


--
-- Name: Seguimiento seguimiento_documentacion_id_60dd9bae_fk_seguimien; Type: FK CONSTRAINT; Schema: public; Owner: postgres
--

ALTER TABLE ONLY public."Seguimiento"
    ADD CONSTRAINT seguimiento_documentacion_id_60dd9bae_fk_seguimien FOREIGN KEY (documentacion_id) REFERENCES public."seguimientodocumentos_Documentacion"(id) DEFERRABLE INITIALLY DEFERRED;


--
-- Name: Seguimiento seguimiento_user_id_275d5090_fk_auth_user_id; Type: FK CONSTRAINT; Schema: public; Owner: postgres
--

ALTER TABLE ONLY public."Seguimiento"
    ADD CONSTRAINT seguimiento_user_id_275d5090_fk_auth_user_id FOREIGN KEY (user_id) REFERENCES public.auth_user(id) DEFERRABLE INITIALLY DEFERRED;


--
-- Name: seguimientodocumentos_comunidad seguimientodocumento_administrador_id_0c722fd6_fk_auth_user; Type: FK CONSTRAINT; Schema: public; Owner: postgres
--

ALTER TABLE ONLY public.seguimientodocumentos_comunidad
    ADD CONSTRAINT seguimientodocumento_administrador_id_0c722fd6_fk_auth_user FOREIGN KEY (administrador_id) REFERENCES public.auth_user(id) DEFERRABLE INITIALLY DEFERRED;


--
-- Name: seguimientodocumentos_Documentacion seguimientodocumento_comunidad_id_5ed9df96_fk_seguimien; Type: FK CONSTRAINT; Schema: public; Owner: postgres
--

ALTER TABLE ONLY public."seguimientodocumentos_Documentacion"
    ADD CONSTRAINT seguimientodocumento_comunidad_id_5ed9df96_fk_seguimien FOREIGN KEY (comunidad_id) REFERENCES public.seguimientodocumentos_comunidad(id) DEFERRABLE INITIALLY DEFERRED;


--
-- PostgreSQL database dump complete
--

